"","text","favorited","favoriteCount","replyToSN","created","truncated","replyToSID","id","replyToUID","statusSource","screenName","retweetCount","isRetweet","retweeted","longitude","latitude"
"1","In the original they did let the 4400 go home and it was so depressing seeing them return to nothing ü•∫ Lordt im so‚Ä¶ https://t.co/82xclDk3m1",FALSE,0,NA,2021-10-26 02:05:46,TRUE,NA,"1452818705746903049",NA,"<a href=""http://twitter.com/download/iphone"" rel=""nofollow"">Twitter for iPhone</a>","LovelyMilian",0,FALSE,FALSE,NA,NA
"2","Looking forward to presenting at the coastal wetlands twitter conference #CWTC21 @globalwetlands #mangrove #„Éû„É≥„Ç∞„É≠„Éº„Éñ‚Ä¶ https://t.co/6PBpVb89cf",FALSE,1,NA,2021-10-26 01:10:48,TRUE,NA,"1452804875599814662",NA,"<a href=""https://mobile.twitter.com"" rel=""nofollow"">Twitter Web App</a>","haradaoceans",0,FALSE,FALSE,NA,NA
"3","RT @globalwetlands: üö®One day to go! Join the Coastal Wetlands Twitter Conference &amp; like, comment, re-tweet with over 40 presenters. Check o‚Ä¶",FALSE,0,NA,2021-10-26 00:47:56,FALSE,NA,"1452799121811673092",NA,"<a href=""http://twitter.com/download/android"" rel=""nofollow"">Twitter for Android</a>","charles_cadier",4,TRUE,FALSE,NA,NA
"4","RT @Mozziebites: I‚Äôm looking forward to sharing some perspectives on managing mosquito risks associated with coastal #wetlands at #CWTC21;‚Ä¶",FALSE,0,NA,2021-10-25 23:53:44,FALSE,NA,"1452785481414889473",NA,"<a href=""https://mobile.twitter.com"" rel=""nofollow"">Twitter Web App</a>","globalwetlands",2,TRUE,FALSE,NA,NA
"5","RT @Mangroves: üì£Tomorrow!üì£ 

We are joining @globalwetlands #CWTC21 to present a new tool that tracks #mangroves restoration globally by wo‚Ä¶",FALSE,0,NA,2021-10-25 22:54:32,FALSE,NA,"1452770581364027409",NA,"<a href=""https://mobile.twitter.com"" rel=""nofollow"">Twitter Web App</a>","Ciencia_Bio_Ull",4,TRUE,FALSE,NA,NA
"6","RT @Mozziebites: I‚Äôm looking forward to sharing some perspectives on managing mosquito risks associated with coastal #wetlands at #CWTC21;‚Ä¶",FALSE,0,NA,2021-10-25 22:48:27,FALSE,NA,"1452769051709558787",NA,"<a href=""https://mobile.twitter.com"" rel=""nofollow"">Twitter Web App</a>","_SOVE_",2,TRUE,FALSE,NA,NA
"7","RT @ArianaMags: I'm excited to be presenting some of my Masters research next week at the Coastal Wetlands Twitter Conference hosted by @gl‚Ä¶",FALSE,0,NA,2021-10-25 22:17:00,FALSE,NA,"1452761135166468099",NA,"<a href=""http://twitter.com/download/android"" rel=""nofollow"">Twitter for Android</a>","MangroveTracker",3,TRUE,FALSE,NA,NA
"8","RT @globalwetlands: Join @Mangroves on Tue 26 Oct at 9.30am BST / 18.30pm AEST, part of #CWTC21!",FALSE,0,NA,2021-10-25 22:13:09,FALSE,NA,"1452760168614088705",NA,"<a href=""https://mobile.twitter.com"" rel=""nofollow"">Twitter Web App</a>","AuraManglares",2,TRUE,FALSE,NA,NA
"9","I‚Äôm looking forward to sharing some perspectives on managing mosquito risks associated with coastal #wetlands at‚Ä¶ https://t.co/jND1T3KXti",FALSE,7,NA,2021-10-25 22:11:26,TRUE,NA,"1452759733580931088",NA,"<a href=""http://twitter.com/download/iphone"" rel=""nofollow"">Twitter for iPhone</a>","Mozziebites",2,FALSE,FALSE,NA,NA
"10","RT @globalwetlands: How do I follow the Coastal Wetlands Twitter Conference? During #CWTC21 you can:
‚ñ∂Ô∏èVisit @globalwetlands where a Tweet‚Ä¶",FALSE,0,NA,2021-10-25 22:05:18,FALSE,NA,"1452758189913432066",NA,"<a href=""http://twitter.com/download/iphone"" rel=""nofollow"">Twitter for iPhone</a>","Mozziebites",6,TRUE,FALSE,NA,NA
"11","RT @globalwetlands: Join @Mangroves on Tue 26 Oct at 9.30am BST / 18.30pm AEST, part of #CWTC21!",FALSE,0,NA,2021-10-25 22:04:04,FALSE,NA,"1452757879610609665",NA,"<a href=""http://twitter.com/download/iphone"" rel=""nofollow"">Twitter for iPhone</a>","ThinkDeepReef",2,TRUE,FALSE,NA,NA
"12","Join @Mangroves on Tue 26 Oct at 9.30am BST / 18.30pm AEST, part of #CWTC21! https://t.co/imQm5AgW03",FALSE,4,NA,2021-10-25 21:56:02,FALSE,NA,"1452755859033845761",NA,"<a href=""http://twitter.com/download/android"" rel=""nofollow"">Twitter for Android</a>","globalwetlands",2,FALSE,FALSE,NA,NA
"13","RT @globalwetlands: One day to go until Session 2 #CWTC21! Hear about all things #mangroves #seagrass #saltmarsh at the Coastal Wetlands Tw‚Ä¶",FALSE,0,NA,2021-10-25 21:44:22,FALSE,NA,"1452752924799610880",NA,"<a href=""http://twitter.com/download/iphone"" rel=""nofollow"">Twitter for iPhone</a>","JillbertPhD",1,TRUE,FALSE,NA,NA
"14","RT @SieversSci: Follow live on the GLOW Twitter page @globalwetlands  or by searching #CWTC21. Program: https://t.co/KUBCCM19pA https://t.c‚Ä¶",FALSE,0,NA,2021-10-25 21:35:25,FALSE,NA,"1452750670184943622",NA,"<a href=""https://mobile.twitter.com"" rel=""nofollow"">Twitter Web App</a>","urbanfrogger",1,TRUE,FALSE,NA,NA
"15","RT @Mangroves: üì£Tomorrow!üì£ 

We are joining @globalwetlands #CWTC21 to present a new tool that tracks #mangroves restoration globally by wo‚Ä¶",FALSE,0,NA,2021-10-25 21:10:59,FALSE,NA,"1452744522065190922",NA,"<a href=""http://twitter.com/download/iphone"" rel=""nofollow"">Twitter for iPhone</a>","ThinkDeepReef",4,TRUE,FALSE,NA,NA
"16","RT @Mangroves: üì£Tomorrow!üì£ 

We are joining @globalwetlands #CWTC21 to present a new tool that tracks #mangroves restoration globally by wo‚Ä¶",FALSE,0,NA,2021-10-25 21:04:12,FALSE,NA,"1452742816933851137",NA,"<a href=""https://mobile.twitter.com"" rel=""nofollow"">Twitter Web App</a>","T_A_Worthington",4,TRUE,FALSE,NA,NA
"17","RT @globalwetlands: üö®One day to go! Join the Coastal Wetlands Twitter Conference &amp; like, comment, re-tweet with over 40 presenters. Check o‚Ä¶",FALSE,0,NA,2021-10-25 21:00:30,FALSE,NA,"1452741885441703938",NA,"<a href=""http://twitter.com/#!/download/ipad"" rel=""nofollow"">Twitter for iPad</a>","Antarcticmoss",4,TRUE,FALSE,NA,NA
"18","RT @Mangroves: üì£Tomorrow!üì£ 

We are joining @globalwetlands #CWTC21 to present a new tool that tracks #mangroves restoration globally by wo‚Ä¶",FALSE,0,NA,2021-10-25 20:46:11,FALSE,NA,"1452738281158942730",NA,"<a href=""https://mobile.twitter.com"" rel=""nofollow"">Twitter Web App</a>","MJCrispino",4,TRUE,FALSE,NA,NA
"19","Follow live on the GLOW Twitter page @globalwetlands  or by searching #CWTC21. Program: https://t.co/KUBCCM19pA https://t.co/JrkaWU3wMc",FALSE,3,NA,2021-10-25 20:44:12,FALSE,NA,"1452737784226091009",NA,"<a href=""https://mobile.twitter.com"" rel=""nofollow"">Twitter Web App</a>","SieversSci",1,FALSE,FALSE,NA,NA
"20","üì£Tomorrow!üì£ 

We are joining @globalwetlands #CWTC21 to present a new tool that tracks #mangroves restoration globa‚Ä¶ https://t.co/cCv3AIU3en",FALSE,16,NA,2021-10-25 20:43:06,TRUE,NA,"1452737506856873990",NA,"<a href=""https://mobile.twitter.com"" rel=""nofollow"">Twitter Web App</a>","Mangroves",4,FALSE,FALSE,NA,NA
"21","RT @ResearchLina: Twitter conference on Coastal Wetlands coming up 26/10 &amp; 27/10. Follow live on Global Wetlands Twitter page: @globalwetla‚Ä¶",FALSE,0,NA,2021-10-25 20:25:42,FALSE,NA,"1452733127512657921",NA,"<a href=""http://twitter.com/download/android"" rel=""nofollow"">Twitter for Android</a>","globalwetlands",3,TRUE,FALSE,NA,NA
"22","One day to go until Session 2 #CWTC21! Hear about all things #mangroves #seagrass #saltmarsh at the Coastal Wetland‚Ä¶ https://t.co/yDS5WNheRA",FALSE,3,NA,2021-10-25 20:00:01,TRUE,NA,"1452726662227968003",NA,"<a href=""https://mobile.twitter.com"" rel=""nofollow"">Twitter Web App</a>","globalwetlands",1,FALSE,FALSE,NA,NA
"23","RT @ResearchLina: Twitter conference on Coastal Wetlands coming up 26/10 &amp; 27/10. Follow live on Global Wetlands Twitter page: @globalwetla‚Ä¶",FALSE,0,NA,2021-10-25 19:26:09,FALSE,NA,"1452718139876204554",NA,"<a href=""http://twitter.com/#!/download/ipad"" rel=""nofollow"">Twitter for iPad</a>","drray_marine",3,TRUE,FALSE,NA,NA
"24","RT @globalwetlands: How do I follow the Coastal Wetlands Twitter Conference? During #CWTC21 you can:
‚ñ∂Ô∏èVisit @globalwetlands where a Tweet‚Ä¶",FALSE,0,NA,2021-10-25 18:38:18,FALSE,NA,"1452706097404469256",NA,"<a href=""http://twitter.com/download/iphone"" rel=""nofollow"">Twitter for iPhone</a>","canty_steven",6,TRUE,FALSE,NA,NA
"25","@hkmorrissette @Mangroves Find out more from Hannah at the @globalwetlands Twitter conference tomorrow at 10:50am EST. #CWTC21",FALSE,0,"hkmorrissette",2021-10-25 18:37:55,FALSE,"1452704692992200705","1452705999920504834","3377771218","<a href=""http://twitter.com/download/iphone"" rel=""nofollow"">Twitter for iPhone</a>","canty_steven",0,FALSE,FALSE,NA,NA
"26","RT @jamesthetyke: I'll be tweeting on coastal habitat creation in the UK at #CWTC21 tomorrow morning. Making the case, setting the challeng‚Ä¶",FALSE,0,NA,2021-10-25 18:34:13,FALSE,NA,"1452705072672956416",NA,"<a href=""http://twitter.com/download/iphone"" rel=""nofollow"">Twitter for iPhone</a>","KerryleeRogers_",4,TRUE,FALSE,NA,NA
"27","RT @MangrovesNow: Less than a week until our session at the Coastal Wetlands Twitter Conference. 

Tune in and chat with us about the benef‚Ä¶",FALSE,0,NA,2021-10-25 18:34:05,FALSE,NA,"1452705036493107207",NA,"<a href=""http://twitter.com/download/iphone"" rel=""nofollow"">Twitter for iPhone</a>","KerryleeRogers_",5,TRUE,FALSE,NA,NA
"28","RT @turschwell: Super excited for the inaugural Coastal Wetlands Twitter Conference! #CWTC21 kicking off next week! https://t.co/wfXan8tZGg",FALSE,0,NA,2021-10-25 18:33:46,FALSE,NA,"1452704957770002434",NA,"<a href=""http://twitter.com/download/iphone"" rel=""nofollow"">Twitter for iPhone</a>","KerryleeRogers_",2,TRUE,FALSE,NA,NA
"29","RT @ArianaMags: I'm excited to be presenting some of my Masters research next week at the Coastal Wetlands Twitter Conference hosted by @gl‚Ä¶",FALSE,0,NA,2021-10-25 18:33:42,FALSE,NA,"1452704939898118146",NA,"<a href=""http://twitter.com/download/iphone"" rel=""nofollow"">Twitter for iPhone</a>","KerryleeRogers_",3,TRUE,FALSE,NA,NA
"30","You can find out more about the #BelizeBlueCarbon project at the @globalwetlands Twitter Conference. #CWTC21",FALSE,1,"canty_steven",2021-10-25 18:32:49,FALSE,"1452692548452028424","1452704719642710022","4149145885","<a href=""http://twitter.com/download/iphone"" rel=""nofollow"">Twitter for iPhone</a>","canty_steven",0,FALSE,FALSE,NA,NA
"31","RT @globalwetlands: üö®One day to go! Join the Coastal Wetlands Twitter Conference &amp; like, comment, re-tweet with over 40 presenters. Check o‚Ä¶",FALSE,0,NA,2021-10-25 18:32:42,FALSE,NA,"1452704690320203777",NA,"<a href=""http://twitter.com/download/iphone"" rel=""nofollow"">Twitter for iPhone</a>","KerryleeRogers_",4,TRUE,FALSE,NA,NA
"32","RT @globalwetlands: How do I follow the Coastal Wetlands Twitter Conference? During #CWTC21 you can:
‚ñ∂Ô∏èVisit @globalwetlands where a Tweet‚Ä¶",FALSE,0,NA,2021-10-25 18:32:30,FALSE,NA,"1452704636775780352",NA,"<a href=""http://twitter.com/download/iphone"" rel=""nofollow"">Twitter for iPhone</a>","KerryleeRogers_",6,TRUE,FALSE,NA,NA
"33","RT @ChristinABuelow: Where are #opportunities for effective #coastal #wetland #conservation?

üö®Spoilerüö® - they‚Äôre everywhere 

Find out mor‚Ä¶",FALSE,0,NA,2021-10-25 18:22:37,FALSE,NA,"1452702150283366409",NA,"<a href=""http://twitter.com/download/android"" rel=""nofollow"">Twitter for Android</a>","AnushaRajkaran",4,TRUE,FALSE,NA,NA
"34","RT @T_A_Worthington: Hello #CWTC21! I‚Äôm Tom, @t_a_worthington, a conservation ecologist researching mangrove ecosystems. I am taking over @‚Ä¶",FALSE,0,NA,2021-10-25 18:00:26,FALSE,NA,"1452696569451622405",NA,"<a href=""http://twitter.com/download/iphone"" rel=""nofollow"">Twitter for iPhone</a>","canty_steven",5,TRUE,FALSE,NA,NA
"35","Excited for this keynote presentation on #seagrass ecosystem services!  #CWTC21 https://t.co/AdhfKlXAv9",FALSE,0,NA,2021-10-25 17:51:34,FALSE,NA,"1452694338786504705",NA,"<a href=""https://mobile.twitter.com"" rel=""nofollow"">Twitter Web App</a>","JStiepani",0,FALSE,FALSE,NA,NA
"36","RT @ResearchLina: Twitter conference on Coastal Wetlands coming up 26/10 &amp; 27/10. Follow live on Global Wetlands Twitter page: @globalwetla‚Ä¶",FALSE,0,NA,2021-10-25 17:47:34,FALSE,NA,"1452693329582374915",NA,"<a href=""https://mobile.twitter.com"" rel=""nofollow"">Twitter Web App</a>","MarleneJahnke3",3,TRUE,FALSE,NA,NA
"37","RT @T_A_Worthington: Hello #CWTC21! I‚Äôm Tom, @t_a_worthington, a conservation ecologist researching mangrove ecosystems. I am taking over @‚Ä¶",FALSE,0,NA,2021-10-25 17:46:42,FALSE,NA,"1452693111625469955",NA,"<a href=""http://twitter.com/download/iphone"" rel=""nofollow"">Twitter for iPhone</a>","AndreRovai",5,TRUE,FALSE,NA,NA
"38","Twitter conference on Coastal Wetlands coming up 26/10 &amp; 27/10. Follow live on Global Wetlands Twitter page:‚Ä¶ https://t.co/NtylJJG0ZV",FALSE,17,NA,2021-10-25 17:39:22,TRUE,NA,"1452691265959649284",NA,"<a href=""http://twitter.com/download/android"" rel=""nofollow"">Twitter for Android</a>","ResearchLina",3,FALSE,FALSE,NA,NA
"39","RT @globalwetlands: How do I follow the Coastal Wetlands Twitter Conference? During #CWTC21 you can:
‚ñ∂Ô∏èVisit @globalwetlands where a Tweet‚Ä¶",FALSE,0,NA,2021-10-25 17:03:35,FALSE,NA,"1452682262634434563",NA,"<a href=""http://twitter.com/download/iphone"" rel=""nofollow"">Twitter for iPhone</a>","drcgrass",6,TRUE,FALSE,NA,NA
"40","What an enjoyable game of cricket it was #AFGvSCO #CWC2021 #CWTC21",FALSE,0,NA,2021-10-25 16:58:35,FALSE,NA,"1452681005140226059",NA,"<a href=""http://twitter.com/download/iphone"" rel=""nofollow"">Twitter for iPhone</a>","iamahmaddin",0,FALSE,FALSE,NA,NA
"41","RT @jamesthetyke: I'll be tweeting on coastal habitat creation in the UK at #CWTC21 tomorrow morning. Making the case, setting the challeng‚Ä¶",FALSE,0,NA,2021-10-25 13:30:09,FALSE,NA,"1452628549521784838",NA,"<a href=""http://twitter.com/download/iphone"" rel=""nofollow"">Twitter for iPhone</a>","tuinz07",4,TRUE,FALSE,NA,NA
"42","RT @hkmorrissette: Looking forward to the Coastal Wetlands Twitter Conference next Tues (10/26) and Wed (10/27)! Should be a lot of interes‚Ä¶",FALSE,0,NA,2021-10-25 13:18:53,FALSE,NA,"1452625716131115012",NA,"<a href=""http://twitter.com/download/android"" rel=""nofollow"">Twitter for Android</a>","kev_novelo",4,TRUE,FALSE,NA,NA
"43","RT @KerryleeRogers_: üëã Put the finishing touches on my preso for #CWTC21. Please consider tuning in when I will be tweeting about my presen‚Ä¶",FALSE,0,NA,2021-10-25 13:12:21,FALSE,NA,"1452624070890172419",NA,"<a href=""http://twitter.com/download/iphone"" rel=""nofollow"">Twitter for iPhone</a>","offset_venezia",9,TRUE,FALSE,NA,NA
"44","RT @jamesthetyke: I'll be tweeting on coastal habitat creation in the UK at #CWTC21 tomorrow morning. Making the case, setting the challeng‚Ä¶",FALSE,0,NA,2021-10-25 13:11:06,FALSE,NA,"1452623756275421197",NA,"<a href=""https://mobile.twitter.com"" rel=""nofollow"">Twitter Web App</a>","WWTSteart",4,TRUE,FALSE,NA,NA
"45","RT @jamesthetyke: I'll be tweeting on coastal habitat creation in the UK at #CWTC21 tomorrow morning. Making the case, setting the challeng‚Ä¶",FALSE,0,NA,2021-10-25 13:05:57,FALSE,NA,"1452622460407349253",NA,"<a href=""http://twitter.com/download/iphone"" rel=""nofollow"">Twitter for iPhone</a>","guitarfishmasum",4,TRUE,FALSE,NA,NA
"46","I'll be tweeting on coastal habitat creation in the UK at #CWTC21 tomorrow morning. Making the case, setting the ch‚Ä¶ https://t.co/8otno75fuf",FALSE,10,NA,2021-10-25 13:05:40,TRUE,NA,"1452622389607600134",NA,"<a href=""https://mobile.twitter.com"" rel=""nofollow"">Twitter Web App</a>","jamesthetyke",4,FALSE,FALSE,NA,NA
"47","RT @T_A_Worthington: Hello #CWTC21! I‚Äôm Tom, @t_a_worthington, a conservation ecologist researching mangrove ecosystems. I am taking over @‚Ä¶",FALSE,0,NA,2021-10-25 12:08:08,FALSE,NA,"1452607909616144388",NA,"<a href=""http://twitter.com/download/iphone"" rel=""nofollow"">Twitter for iPhone</a>","ThinkDeepReef",5,TRUE,FALSE,NA,NA
"48","interesting conference held all on Twitter tomorrow on coastal wetlands! #Cwtc21 https://t.co/TKnjf9nIAQ",FALSE,0,NA,2021-10-25 11:05:45,FALSE,NA,"1452592212328525829",NA,"<a href=""https://mobile.twitter.com"" rel=""nofollow"">Twitter Web App</a>","JStiepani",0,FALSE,FALSE,NA,NA
"49","RT @globalwetlands: How do I follow the Coastal Wetlands Twitter Conference? During #CWTC21 you can:
‚ñ∂Ô∏èVisit @globalwetlands where a Tweet‚Ä¶",FALSE,0,NA,2021-10-25 10:53:12,FALSE,NA,"1452589050284683271",NA,"<a href=""http://twitter.com/download/android"" rel=""nofollow"">Twitter for Android</a>","MarshDispatch",6,TRUE,FALSE,NA,NA
"50","RT @ChristinABuelow: Where are #opportunities for effective #coastal #wetland #conservation?

üö®Spoilerüö® - they‚Äôre everywhere 

Find out mor‚Ä¶",FALSE,0,NA,2021-10-25 10:22:13,FALSE,NA,"1452581253333590018",NA,"<a href=""https://mobile.twitter.com"" rel=""nofollow"">Twitter Web App</a>","anaifsousa",4,TRUE,FALSE,NA,NA
"51","RT @T_A_Worthington: Hello #CWTC21! I‚Äôm Tom, @t_a_worthington, a conservation ecologist researching mangrove ecosystems. I am taking over @‚Ä¶",FALSE,0,NA,2021-10-25 09:50:28,FALSE,NA,"1452573263066845185",NA,"<a href=""http://twitter.com/download/android"" rel=""nofollow"">Twitter for Android</a>","globalwetlands",5,TRUE,FALSE,NA,NA
"52","RT @anaifsousa: Coastal Wetlands Twitter Conference, hosted by @globalwetlands is coming!
üëâI‚Äôll talk about #seagrass #restoration fostered‚Ä¶",FALSE,0,NA,2021-10-25 09:32:11,FALSE,NA,"1452568662532136963",NA,"<a href=""https://mobile.twitter.com"" rel=""nofollow"">Twitter Web App</a>","CESAM_Univ",10,TRUE,FALSE,NA,NA
"53","RT @T_A_Worthington: Hello #CWTC21! I‚Äôm Tom, @t_a_worthington, a conservation ecologist researching mangrove ecosystems. I am taking over @‚Ä¶",FALSE,0,NA,2021-10-25 09:31:41,FALSE,NA,"1452568536916844544",NA,"<a href=""https://mobile.twitter.com"" rel=""nofollow"">Twitter Web App</a>","ali__johnston",5,TRUE,FALSE,NA,NA
"54","Hello #CWTC21! I‚Äôm Tom, @t_a_worthington, a conservation ecologist researching mangrove ecosystems. I am taking ove‚Ä¶ https://t.co/HMP4CasLFX",FALSE,17,NA,2021-10-25 09:30:47,TRUE,NA,"1452568311124959239",NA,"<a href=""https://mobile.twitter.com"" rel=""nofollow"">Twitter Web App</a>","T_A_Worthington",5,FALSE,FALSE,NA,NA
"55","RT @globalwetlands: How do I follow the Coastal Wetlands Twitter Conference? During #CWTC21 you can:
‚ñ∂Ô∏èVisit @globalwetlands where a Tweet‚Ä¶",FALSE,0,NA,2021-10-25 09:08:57,FALSE,NA,"1452562816901079050",NA,"<a href=""http://twitter.com/download/iphone"" rel=""nofollow"">Twitter for iPhone</a>","FithriMia",6,TRUE,FALSE,NA,NA
"56","RT @jackson_stock: Come and see my research on cumulative impact assessment methods in tweet form at the Coastal Wetlands Twitter Conferenc‚Ä¶",FALSE,0,NA,2021-10-25 09:07:36,FALSE,NA,"1452562478215274499",NA,"<a href=""http://twitter.com/download/iphone"" rel=""nofollow"">Twitter for iPhone</a>","FithriMia",8,TRUE,FALSE,NA,NA
"57","RT @globalwetlands: üö®One day to go! Join the Coastal Wetlands Twitter Conference &amp; like, comment, re-tweet with over 40 presenters. Check o‚Ä¶",FALSE,0,NA,2021-10-25 08:48:35,FALSE,NA,"1452557692275511297",NA,"<a href=""https://mobile.twitter.com"" rel=""nofollow"">Twitter Web App</a>","cbdelosantos",4,TRUE,FALSE,NA,NA
"58","RT @ChristinABuelow: Where are #opportunities for effective #coastal #wetland #conservation?

üö®Spoilerüö® - they‚Äôre everywhere 

Find out mor‚Ä¶",FALSE,0,NA,2021-10-25 08:44:03,FALSE,NA,"1452556550447398913",NA,"<a href=""http://twitter.com/download/android"" rel=""nofollow"">Twitter for Android</a>","globalwetlands",4,TRUE,FALSE,NA,NA
"59","I like #Kohli for his sportsman spirit although Pakistan won the match but #Kohli won our heart.
#Mauka_Mauka‚Ä¶ https://t.co/64HzvrZJrS",FALSE,0,NA,2021-10-25 08:34:54,TRUE,NA,"1452554249766846467",NA,"<a href=""http://twitter.com/download/android"" rel=""nofollow"">Twitter for Android</a>","waqas_ahmeds_",0,FALSE,FALSE,NA,NA
"60","How do I follow the Coastal Wetlands Twitter Conference? During #CWTC21 you can:
‚ñ∂Ô∏èVisit @globalwetlands where a Tw‚Ä¶ https://t.co/u2oCR4a8Ju",FALSE,6,NA,2021-10-25 08:30:00,TRUE,NA,"1452553016339415041",NA,"<a href=""https://mobile.twitter.com"" rel=""nofollow"">Twitter Web App</a>","globalwetlands",6,FALSE,FALSE,NA,NA
"61","Where are #opportunities for effective #coastal #wetland #conservation?

üö®Spoilerüö® - they‚Äôre everywhere 

Find out‚Ä¶ https://t.co/6DluYurQCF",FALSE,10,NA,2021-10-25 08:00:19,TRUE,NA,"1452545545243807749",NA,"<a href=""https://mobile.twitter.com"" rel=""nofollow"">Twitter Web App</a>","ChristinABuelow",4,FALSE,FALSE,NA,NA
"62","üö®One day to go! Join the Coastal Wetlands Twitter Conference &amp; like, comment, re-tweet with over 40 presenters. Che‚Ä¶ https://t.co/5UJIvb6Fxd",FALSE,9,NA,2021-10-25 08:00:02,TRUE,NA,"1452545472304930820",NA,"<a href=""https://mobile.twitter.com"" rel=""nofollow"">Twitter Web App</a>","globalwetlands",4,FALSE,FALSE,NA,NA
"63","RT @ChristinABuelow: Do you like #coastal #wetlands? #mangroves #seagrass #saltmarsh

Only a couple of days before #CWTC21 kicks off - Oct‚Ä¶",FALSE,0,NA,2021-10-25 07:17:38,FALSE,NA,"1452534802972819458",NA,"<a href=""http://twitter.com/download/android"" rel=""nofollow"">Twitter for Android</a>","jamesthetyke",9,TRUE,FALSE,NA,NA
"64","RT @ChristinABuelow: Do you like #coastal #wetlands? #mangroves #seagrass #saltmarsh

Only a couple of days before #CWTC21 kicks off - Oct‚Ä¶",FALSE,0,NA,2021-10-25 07:10:37,FALSE,NA,"1452533037279821829",NA,"<a href=""http://twitter.com/download/iphone"" rel=""nofollow"">Twitter for iPhone</a>","KerryleeRogers_",9,TRUE,FALSE,NA,NA
"65","RT @AnushaRajkaran: Looking forward to the #CWTC21 . Will be discussing the links between habitat quality and ecosystem services. Check out‚Ä¶",FALSE,0,NA,2021-10-25 07:09:58,FALSE,NA,"1452532875539009538",NA,"<a href=""http://twitter.com/download/iphone"" rel=""nofollow"">Twitter for iPhone</a>","KerryleeRogers_",2,TRUE,FALSE,NA,NA
"66","RT @charles_cadier: Looking forward to share my research on indicators of coastal wetlands restoration success during the #CWTC21 twitter c‚Ä¶",FALSE,0,NA,2021-10-25 07:09:40,FALSE,NA,"1452532796375719938",NA,"<a href=""http://twitter.com/download/iphone"" rel=""nofollow"">Twitter for iPhone</a>","KerryleeRogers_",3,TRUE,FALSE,NA,NA
"67","RT @charles_cadier: Looking forward to share my research on indicators of coastal wetlands restoration success during the #CWTC21 twitter c‚Ä¶",FALSE,0,NA,2021-10-25 06:35:03,FALSE,NA,"1452524087809503232",NA,"<a href=""http://twitter.com/download/iphone"" rel=""nofollow"">Twitter for iPhone</a>","Mozziebites",3,TRUE,FALSE,NA,NA
"68","RT @KerryleeRogers_: üëã Put the finishing touches on my preso for #CWTC21. Please consider tuning in when I will be tweeting about my presen‚Ä¶",FALSE,0,NA,2021-10-25 06:34:53,FALSE,NA,"1452524044931067904",NA,"<a href=""http://twitter.com/download/iphone"" rel=""nofollow"">Twitter for iPhone</a>","Mozziebites",9,TRUE,FALSE,NA,NA
"69","RT @charles_cadier: Looking forward to share my research on indicators of coastal wetlands restoration success during the #CWTC21 twitter c‚Ä¶",FALSE,0,NA,2021-10-25 02:39:58,FALSE,NA,"1452464926560161796",NA,"<a href=""http://twitter.com/download/android"" rel=""nofollow"">Twitter for Android</a>","globalwetlands",3,TRUE,FALSE,NA,NA
"70","Don t miss the chance to learn about  coastal wetlands during #CWTC21
@globalwetlands
I ll present a way to assess‚Ä¶ https://t.co/Q8vrHndGYc",FALSE,2,NA,2021-10-25 01:08:04,TRUE,NA,"1452441799239159809",NA,"<a href=""http://twitter.com/download/android"" rel=""nofollow"">Twitter for Android</a>","RLosciale",0,FALSE,FALSE,NA,NA
"71","Looking forward to share my research on indicators of coastal wetlands restoration success during the #CWTC21 twitt‚Ä¶ https://t.co/BYdTT4ryJ7",FALSE,13,NA,2021-10-25 00:46:59,TRUE,NA,"1452436494866468866",NA,"<a href=""https://about.twitter.com/products/tweetdeck"" rel=""nofollow"">TweetDeck</a>","charles_cadier",3,FALSE,FALSE,NA,NA
"72","RT @KerryleeRogers_: üëã Put the finishing touches on my preso for #CWTC21. Please consider tuning in when I will be tweeting about my presen‚Ä¶",FALSE,0,NA,2021-10-25 00:13:51,FALSE,NA,"1452428156577599490",NA,"<a href=""http://twitter.com/download/android"" rel=""nofollow"">Twitter for Android</a>","globalwetlands",9,TRUE,FALSE,NA,NA
"73","RT @KerryleeRogers_: üëã Put the finishing touches on my preso for #CWTC21. Please consider tuning in when I will be tweeting about my presen‚Ä¶",FALSE,0,NA,2021-10-25 00:06:33,FALSE,NA,"1452426316427317252",NA,"<a href=""http://twitter.com/download/iphone"" rel=""nofollow"">Twitter for iPhone</a>","KristinJinks",9,TRUE,FALSE,NA,NA
"74","RT @KerryleeRogers_: üëã Put the finishing touches on my preso for #CWTC21. Please consider tuning in when I will be tweeting about my presen‚Ä¶",FALSE,0,NA,2021-10-24 22:57:23,FALSE,NA,"1452408909612806150",NA,"<a href=""http://twitter.com/download/android"" rel=""nofollow"">Twitter for Android</a>","bluecology",9,TRUE,FALSE,NA,NA
"75","RT @AnushaRajkaran: Looking forward to the #CWTC21 . Will be discussing the links between habitat quality and ecosystem services. Check out‚Ä¶",FALSE,0,NA,2021-10-24 21:18:19,FALSE,NA,"1452383979676569606",NA,"<a href=""https://mobile.twitter.com"" rel=""nofollow"">Twitter Web App</a>","globalwetlands",2,TRUE,FALSE,NA,NA
"76","RT @KerryleeRogers_: üëã Put the finishing touches on my preso for #CWTC21. Please consider tuning in when I will be tweeting about my presen‚Ä¶",FALSE,0,NA,2021-10-24 20:10:41,FALSE,NA,"1452366959060733953",NA,"<a href=""http://twitter.com/download/iphone"" rel=""nofollow"">Twitter for iPhone</a>","DrDanChem",9,TRUE,FALSE,NA,NA
"77","Looking forward to the #CWTC21 . Will be discussing the links between habitat quality and ecosystem services. Check‚Ä¶ https://t.co/hQgs43TVK5",FALSE,3,NA,2021-10-24 17:41:20,TRUE,NA,"1452329375614001172",NA,"<a href=""http://twitter.com/download/android"" rel=""nofollow"">Twitter for Android</a>","AnushaRajkaran",2,FALSE,FALSE,NA,NA
"78","Pakistan you beauty ! üáµüá∞üáµüá∞üáµüá∞
#ThaukaThauka #PakvsIndia  #CWTC21  #MaukaMauka  #ICCT20WorldCup2021",FALSE,1,NA,2021-10-24 17:40:37,FALSE,NA,"1452329192914309131",NA,"<a href=""http://twitter.com/download/android"" rel=""nofollow"">Twitter for Android</a>","HaiArrham",0,FALSE,FALSE,NA,NA
"79","Today the entire world knows the class of @babarazam258 and @iMRizwanPak 
#CWTC21 #IndvsPak",FALSE,0,NA,2021-10-24 17:36:08,FALSE,NA,"1452328064411701266",NA,"<a href=""http://twitter.com/download/android"" rel=""nofollow"">Twitter for Android</a>","drhasnainkhosa",0,FALSE,FALSE,NA,NA
"80","I could not accept the defeat of Bangladesh. The victory of Pakistan brought relief to my mind.‚Ä¶ https://t.co/41DjKeAKeV",FALSE,0,NA,2021-10-24 17:29:32,TRUE,NA,"1452326405275009032",NA,"<a href=""http://twitter.com/download/android"" rel=""nofollow"">Twitter for Android</a>","NajmulH27700205",0,FALSE,FALSE,NA,NA
"81","RT @ChristinABuelow: Do you like #coastal #wetlands? #mangroves #seagrass #saltmarsh

Only a couple of days before #CWTC21 kicks off - Oct‚Ä¶",FALSE,0,NA,2021-10-24 15:27:59,FALSE,NA,"1452295814609526784",NA,"<a href=""http://twitter.com/download/iphone"" rel=""nofollow"">Twitter for iPhone</a>","KResearchLab",9,TRUE,FALSE,NA,NA
"82","UNPLAYABLE. LETS FUCKING GOOOO. WHAT A START! #CWTC21 #INDvPAK",FALSE,2,NA,2021-10-24 14:04:29,FALSE,NA,"1452274803826728962",NA,"<a href=""http://twitter.com/download/iphone"" rel=""nofollow"">Twitter for iPhone</a>","Agent_Sajwar",0,FALSE,FALSE,NA,NA
"83","LETS FUCKING GOOOOO!!! #INDvPAK #CWTC21",FALSE,1,NA,2021-10-24 13:57:16,FALSE,NA,"1452272987894386698",NA,"<a href=""http://twitter.com/download/iphone"" rel=""nofollow"">Twitter for iPhone</a>","Agent_Sajwar",0,FALSE,FALSE,NA,NA
"84","RT @ChristinABuelow: Do you like #coastal #wetlands? #mangroves #seagrass #saltmarsh

Only a couple of days before #CWTC21 kicks off - Oct‚Ä¶",FALSE,0,NA,2021-10-24 12:50:03,FALSE,NA,"1452256072287334404",NA,"<a href=""http://twitter.com/download/android"" rel=""nofollow"">Twitter for Android</a>","MarshDispatch",9,TRUE,FALSE,NA,NA
"85","RT @ChristinABuelow: Do you like #coastal #wetlands? #mangroves #seagrass #saltmarsh

Only a couple of days before #CWTC21 kicks off - Oct‚Ä¶",FALSE,0,NA,2021-10-24 11:57:56,FALSE,NA,"1452242953242611713",NA,"<a href=""https://mobile.twitter.com"" rel=""nofollow"">Twitter Web App</a>","NescauECB",9,TRUE,FALSE,NA,NA
"86","RT @ChristinABuelow: Do you like #coastal #wetlands? #mangroves #seagrass #saltmarsh

Only a couple of days before #CWTC21 kicks off - Oct‚Ä¶",FALSE,0,NA,2021-10-24 11:38:51,FALSE,NA,"1452238151875956742",NA,"<a href=""https://mobile.twitter.com"" rel=""nofollow"">Twitter Web App</a>","KariPercival",9,TRUE,FALSE,NA,NA
"87","RT @KerryleeRogers_: üëã Put the finishing touches on my preso for #CWTC21. Please consider tuning in when I will be tweeting about my presen‚Ä¶",FALSE,0,NA,2021-10-24 10:36:08,FALSE,NA,"1452222368873652239",NA,"<a href=""http://twitter.com/#!/download/ipad"" rel=""nofollow"">Twitter for iPad</a>","Antarcticmoss",9,TRUE,FALSE,NA,NA
"88","RT @KerryleeRogers_: üëã Put the finishing touches on my preso for #CWTC21. Please consider tuning in when I will be tweeting about my presen‚Ä¶",FALSE,0,NA,2021-10-24 10:33:18,FALSE,NA,"1452221655581876226",NA,"<a href=""http://twitter.com/download/iphone"" rel=""nofollow"">Twitter for iPhone</a>","LornaMoxham",9,TRUE,FALSE,NA,NA
"89","RT @globalwetlands: One week to go until the FREE Coastal Wetlands Twitter Conference starts! Over 40 presenters from around the world - ch‚Ä¶",FALSE,0,NA,2021-10-24 10:20:33,FALSE,NA,"1452218448134778893",NA,"<a href=""http://twitter.com/#!/download/ipad"" rel=""nofollow"">Twitter for iPad</a>","seas_green",15,TRUE,FALSE,NA,NA
"90","üëã Put the finishing touches on my preso for #CWTC21. Please consider tuning in when I will be tweeting about my pre‚Ä¶ https://t.co/6nt4rimFQV",FALSE,24,NA,2021-10-24 10:04:01,TRUE,NA,"1452214286374346755",NA,"<a href=""https://mobile.twitter.com"" rel=""nofollow"">Twitter Web App</a>","KerryleeRogers_",9,FALSE,FALSE,NA,NA
"91","RT @globalwetlands: One week to go until the FREE Coastal Wetlands Twitter Conference starts! Over 40 presenters from around the world - ch‚Ä¶",FALSE,0,NA,2021-10-24 06:36:00,FALSE,NA,"1452161937249296386",NA,"<a href=""http://twitter.com/download/android"" rel=""nofollow"">Twitter for Android</a>","nbood",15,TRUE,FALSE,NA,NA
"92","RT @ChristinABuelow: Do you like #coastal #wetlands? #mangroves #seagrass #saltmarsh

Only a couple of days before #CWTC21 kicks off - Oct‚Ä¶",FALSE,0,NA,2021-10-24 06:34:00,FALSE,NA,"1452161433316298752",NA,"<a href=""https://mobile.twitter.com"" rel=""nofollow"">Twitter Web App</a>","BelizeMangrove",9,TRUE,FALSE,NA,NA
"93","Wow this thread has an amazing spread of presenters for #CWTC21! I am so excited to be part of this! https://t.co/n616srAHoR",FALSE,3,NA,2021-10-24 04:58:59,FALSE,NA,"1452137521358516224",NA,"<a href=""http://twitter.com/download/iphone"" rel=""nofollow"">Twitter for iPhone</a>","zshribz",0,FALSE,FALSE,NA,NA
"94","RT @ChristinABuelow: Do you like #coastal #wetlands? #mangroves #seagrass #saltmarsh

Only a couple of days before #CWTC21 kicks off - Oct‚Ä¶",FALSE,0,NA,2021-10-23 23:23:58,FALSE,NA,"1452053211175550978",NA,"<a href=""http://twitter.com/download/android"" rel=""nofollow"">Twitter for Android</a>","globalwetlands",9,TRUE,FALSE,NA,NA
"95","RT @ChristinABuelow: Do you like #coastal #wetlands? #mangroves #seagrass #saltmarsh

Only a couple of days before #CWTC21 kicks off - Oct‚Ä¶",FALSE,0,NA,2021-10-23 23:22:09,FALSE,NA,"1452052755837689856",NA,"<a href=""http://twitter.com/download/android"" rel=""nofollow"">Twitter for Android</a>","bluecology",9,TRUE,FALSE,NA,NA
"96","Do you like #coastal #wetlands? #mangroves #seagrass #saltmarsh

Only a couple of days before #CWTC21 kicks off - O‚Ä¶ https://t.co/uuNOPxeHZB",FALSE,29,NA,2021-10-23 23:18:02,TRUE,NA,"1452051720117227524",NA,"<a href=""https://mobile.twitter.com"" rel=""nofollow"">Twitter Web App</a>","ChristinABuelow",9,FALSE,FALSE,NA,NA
"97","RT @MangrovesNow: Less than a week until our session at the Coastal Wetlands Twitter Conference. 

Tune in and chat with us about the benef‚Ä¶",FALSE,0,NA,2021-10-23 20:35:12,FALSE,NA,"1452010742849458176",NA,"<a href=""https://mobile.twitter.com"" rel=""nofollow"">Twitter Web App</a>","BelizeMangrove",5,TRUE,FALSE,NA,NA
"98","RT @hkmorrissette: Looking forward to the Coastal Wetlands Twitter Conference next Tues (10/26) and Wed (10/27)! Should be a lot of interes‚Ä¶",FALSE,0,NA,2021-10-23 20:33:32,FALSE,NA,"1452010320608772100",NA,"<a href=""https://mobile.twitter.com"" rel=""nofollow"">Twitter Web App</a>","BelizeMangrove",4,TRUE,FALSE,NA,NA
"99","RT @RONALDMASINDA: All the best of luck leadership #Proteas #Proteafire #Cricket #CWTC21 #TembaBavuma https://t.co/9SSljBg9re",FALSE,0,NA,2021-10-23 12:54:30,FALSE,NA,"1451894803306852353",NA,"<a href=""http://twitter.com/download/android"" rel=""nofollow"">Twitter for Android</a>","riaanboshoff",5,TRUE,FALSE,NA,NA
"100","Mitch Marsh üòÇüòÇ#CWTC21",FALSE,0,NA,2021-10-23 12:28:15,FALSE,NA,"1451888198041456645",NA,"<a href=""http://twitter.com/download/iphone"" rel=""nofollow"">Twitter for iPhone</a>","AJWBetting",0,FALSE,FALSE,NA,NA
"101","Haai @OfficialCSA and @SPORTATSABC can't even show the south Africans the 1st game  #CWTC21 mnx",FALSE,0,NA,2021-10-23 10:10:06,FALSE,NA,"1451853430948044801",NA,"<a href=""http://twitter.com/download/android"" rel=""nofollow"">Twitter for Android</a>","IponengMotaung",1,FALSE,FALSE,NA,NA
"102","RT @RONALDMASINDA: All the best of luck leadership #Proteas #Proteafire #Cricket #CWTC21 #TembaBavuma https://t.co/9SSljBg9re",FALSE,0,NA,2021-10-23 09:56:05,FALSE,NA,"1451849904519880711",NA,"<a href=""http://twitter.com/download/android"" rel=""nofollow"">Twitter for Android</a>","carelsmit1974",5,TRUE,FALSE,NA,NA
"103","@ThabisoSithole is the cricket world cup match between SA vs AUS  going to be shown life on @SPORTATSABC @OfficialCSA  #CWTC21",FALSE,0,"ThabisoSithole",2021-10-23 09:34:00,FALSE,NA,"1451844345636741121","37185922","<a href=""http://twitter.com/download/android"" rel=""nofollow"">Twitter for Android</a>","IponengMotaung",0,FALSE,FALSE,NA,NA
"104","RT @MangrovesNow: Less than a week until our session at the Coastal Wetlands Twitter Conference. 

Tune in and chat with us about the benef‚Ä¶",FALSE,0,NA,2021-10-23 09:12:04,FALSE,NA,"1451838825685139459",NA,"<a href=""http://twitter.com/download/iphone"" rel=""nofollow"">Twitter for iPhone</a>","Mozziebites",5,TRUE,FALSE,NA,NA
"105","RT @MangrovesNow: Less than a week until our session at the Coastal Wetlands Twitter Conference. 

Tune in and chat with us about the benef‚Ä¶",FALSE,0,NA,2021-10-23 09:03:30,FALSE,NA,"1451836667594117124",NA,"<a href=""http://twitter.com/download/android"" rel=""nofollow"">Twitter for Android</a>","globalwetlands",5,TRUE,FALSE,NA,NA
"106","RT @globalwetlands: Join @globalwetlands this time next week for the FREE Coastal Wetlands Twitter Conference #CWTC21! 

The second of 3 se‚Ä¶",FALSE,0,NA,2021-10-23 08:54:16,FALSE,NA,"1451834345119879170",NA,"<a href=""http://twitter.com/download/iphone"" rel=""nofollow"">Twitter for iPhone</a>","Mozziebites",6,TRUE,FALSE,NA,NA
"107","RT @RONALDMASINDA: All the best of luck leadership #Proteas #Proteafire #Cricket #CWTC21 #TembaBavuma https://t.co/9SSljBg9re",FALSE,0,NA,2021-10-23 08:28:39,FALSE,NA,"1451827900680974339",NA,"<a href=""http://twitter.com/download/iphone"" rel=""nofollow"">Twitter for iPhone</a>","LeeLangeveldt",5,TRUE,FALSE,NA,NA
"108","RT @RONALDMASINDA: All the best of luck leadership #Proteas #Proteafire #Cricket #CWTC21 #TembaBavuma https://t.co/9SSljBg9re",FALSE,0,NA,2021-10-23 07:24:20,FALSE,NA,"1451811713460973572",NA,"<a href=""http://twitter.com/download/android"" rel=""nofollow"">Twitter for Android</a>","_Mandla_",5,TRUE,FALSE,NA,NA
"109","RT @RONALDMASINDA: All the best of luck leadership #Proteas #Proteafire #Cricket #CWTC21 #TembaBavuma https://t.co/9SSljBg9re",FALSE,0,NA,2021-10-23 07:24:01,FALSE,NA,"1451811632330461188",NA,"<a href=""http://twitter.com/download/android"" rel=""nofollow"">Twitter for Android</a>","GasantAbarder",5,TRUE,FALSE,NA,NA
"110","All the best of luck leadership #Proteas #Proteafire #Cricket #CWTC21 #TembaBavuma https://t.co/9SSljBg9re",FALSE,50,NA,2021-10-23 07:21:42,FALSE,NA,"1451811049238405123",NA,"<a href=""http://twitter.com/download/android"" rel=""nofollow"">Twitter for Android</a>","RONALDMASINDA",5,FALSE,FALSE,NA,NA
"111","RT @globalwetlands: One week to go until the FREE Coastal Wetlands Twitter Conference starts! Over 40 presenters from around the world - ch‚Ä¶",FALSE,0,NA,2021-10-23 04:38:12,FALSE,NA,"1451769904588156928",NA,"<a href=""http://twitter.com/download/iphone"" rel=""nofollow"">Twitter for iPhone</a>","BRobertsLab",15,TRUE,FALSE,NA,NA
"112","RT @globalwetlands: One week to go until the FREE Coastal Wetlands Twitter Conference starts! Over 40 presenters from around the world - ch‚Ä¶",FALSE,0,NA,2021-10-23 03:31:25,FALSE,NA,"1451753097462751237",NA,"<a href=""http://twitter.com/download/iphone"" rel=""nofollow"">Twitter for iPhone</a>","Salty_Serina",15,TRUE,FALSE,NA,NA
"113","RT @globalwetlands: One week to go until the FREE Coastal Wetlands Twitter Conference starts! Over 40 presenters from around the world - ch‚Ä¶",FALSE,0,NA,2021-10-23 02:49:14,FALSE,NA,"1451742481649967107",NA,"<a href=""http://twitter.com/download/iphone"" rel=""nofollow"">Twitter for iPhone</a>","drcgrass",15,TRUE,FALSE,NA,NA
"114","RT @hkmorrissette: Looking forward to the Coastal Wetlands Twitter Conference next Tues (10/26) and Wed (10/27)! Should be a lot of interes‚Ä¶",FALSE,0,NA,2021-10-23 02:19:34,FALSE,NA,"1451735017101615105",NA,"<a href=""http://twitter.com/download/iphone"" rel=""nofollow"">Twitter for iPhone</a>","StacyScientist",4,TRUE,FALSE,NA,NA
"115","RT @globalwetlands: One week to go until the FREE Coastal Wetlands Twitter Conference starts! Over 40 presenters from around the world - ch‚Ä¶",FALSE,0,NA,2021-10-23 02:09:05,FALSE,NA,"1451732377038835720",NA,"<a href=""http://twitter.com/download/iphone"" rel=""nofollow"">Twitter for iPhone</a>","CoastalCarbonSA",15,TRUE,FALSE,NA,NA
"116","RT @globalwetlands: One week to go until the FREE Coastal Wetlands Twitter Conference starts! Over 40 presenters from around the world - ch‚Ä¶",FALSE,0,NA,2021-10-23 02:07:58,FALSE,NA,"1451732097752829952",NA,"<a href=""http://twitter.com/download/iphone"" rel=""nofollow"">Twitter for iPhone</a>","KE_Brodersen",15,TRUE,FALSE,NA,NA
"117","RT @globalwetlands: One week to go until the FREE Coastal Wetlands Twitter Conference starts! Over 40 presenters from around the world - ch‚Ä¶",FALSE,0,NA,2021-10-23 02:02:35,FALSE,NA,"1451730741465858048",NA,"<a href=""https://mobile.twitter.com"" rel=""nofollow"">Twitter Web App</a>","MarshDispatch",15,TRUE,FALSE,NA,NA
"118","RT @globalwetlands: One week to go until the FREE Coastal Wetlands Twitter Conference starts! Over 40 presenters from around the world - ch‚Ä¶",FALSE,0,NA,2021-10-23 01:44:10,FALSE,NA,"1451726109486243844",NA,"<a href=""http://twitter.com/download/iphone"" rel=""nofollow"">Twitter for iPhone</a>","WatershedEcol",15,TRUE,FALSE,NA,NA
"119","RT @ArianaMags: I'm excited to be presenting some of my Masters research next week at the Coastal Wetlands Twitter Conference hosted by @gl‚Ä¶",FALSE,0,NA,2021-10-23 00:22:15,FALSE,NA,"1451705492531601409",NA,"<a href=""http://twitter.com/download/android"" rel=""nofollow"">Twitter for Android</a>","globalwetlands",3,TRUE,FALSE,NA,NA
"120","RT @MarshDispatch: Will black #mangroves (Avicennia germinans) in Texas recover from Winter Storm Uri, and what are the implications for co‚Ä¶",FALSE,0,NA,2021-10-22 22:51:02,FALSE,NA,"1451682535692554240",NA,"<a href=""http://twitter.com/download/iphone"" rel=""nofollow"">Twitter for iPhone</a>","canty_steven",9,TRUE,FALSE,NA,NA
"121","RT @hkmorrissette: Looking forward to the Coastal Wetlands Twitter Conference next Tues (10/26) and Wed (10/27)! Should be a lot of interes‚Ä¶",FALSE,0,NA,2021-10-22 22:42:00,FALSE,NA,"1451680263495249921",NA,"<a href=""http://twitter.com/download/android"" rel=""nofollow"">Twitter for Android</a>","globalwetlands",4,TRUE,FALSE,NA,NA
"122","RT @globalwetlands: One week to go until the FREE Coastal Wetlands Twitter Conference starts! Over 40 presenters from around the world - ch‚Ä¶",FALSE,0,NA,2021-10-22 21:45:40,FALSE,NA,"1451666087179784193",NA,"<a href=""https://mobile.twitter.com"" rel=""nofollow"">Twitter Web App</a>","ufWetland",15,TRUE,FALSE,NA,NA
"123","RT @MarshDispatch: Will black #mangroves (Avicennia germinans) in Texas recover from Winter Storm Uri, and what are the implications for co‚Ä¶",FALSE,0,NA,2021-10-22 20:52:37,FALSE,NA,"1451652735086907392",NA,"<a href=""http://twitter.com/download/iphone"" rel=""nofollow"">Twitter for iPhone</a>","KerryleeRogers_",9,TRUE,FALSE,NA,NA
"124","RT @MarshDispatch: Will black #mangroves (Avicennia germinans) in Texas recover from Winter Storm Uri, and what are the implications for co‚Ä¶",FALSE,0,NA,2021-10-22 20:42:07,FALSE,NA,"1451650092373475328",NA,"<a href=""http://twitter.com/download/iphone"" rel=""nofollow"">Twitter for iPhone</a>","CoastalCarbonSA",9,TRUE,FALSE,NA,NA
"125","RT @MarshDispatch: Will black #mangroves (Avicennia germinans) in Texas recover from Winter Storm Uri, and what are the implications for co‚Ä¶",FALSE,0,NA,2021-10-22 20:29:14,FALSE,NA,"1451646851573161984",NA,"<a href=""http://twitter.com/download/android"" rel=""nofollow"">Twitter for Android</a>","HilaryNeckles",9,TRUE,FALSE,NA,NA
"126","RT @MarshDispatch: Will black #mangroves (Avicennia germinans) in Texas recover from Winter Storm Uri, and what are the implications for co‚Ä¶",FALSE,0,NA,2021-10-22 19:42:28,FALSE,NA,"1451635082112897025",NA,"<a href=""http://twitter.com/download/android"" rel=""nofollow"">Twitter for Android</a>","globalwetlands",9,TRUE,FALSE,NA,NA
"127","@hkmorrissette will highlight the work of the #BelizeBlueCarbon project at the Coastal Wetlands Twitter Conference‚Ä¶ https://t.co/M02ro5Pm0Y",FALSE,0,"hkmorrissette",2021-10-22 16:41:03,TRUE,NA,"1451589426618974214","3377771218","<a href=""http://twitter.com/download/iphone"" rel=""nofollow"">Twitter for iPhone</a>","canty_steven",0,FALSE,FALSE,NA,NA
"128","Looking forward to the Coastal Wetlands Twitter Conference next Tues (10/26) and Wed (10/27)! Should be a lot of in‚Ä¶ https://t.co/e0gJMfj3yj",FALSE,20,NA,2021-10-22 16:32:42,TRUE,NA,"1451587325604114437",NA,"<a href=""http://twitter.com/download/android"" rel=""nofollow"">Twitter for Android</a>","hkmorrissette",4,FALSE,FALSE,NA,NA
"129","RT @Bats_Mas: The next week I will present my study about the role of #wetlands  for #hibernatingü¶áon the first Coastal Wetlands Twitter Con‚Ä¶",FALSE,0,NA,2021-10-22 16:21:07,FALSE,NA,"1451584410847940611",NA,"<a href=""http://twitter.com/download/iphone"" rel=""nofollow"">Twitter for iPhone</a>","bats_w_borders",8,TRUE,FALSE,NA,NA
"130","RT @MarshDispatch: Will black #mangroves (Avicennia germinans) in Texas recover from Winter Storm Uri, and what are the implications for co‚Ä¶",FALSE,0,NA,2021-10-22 16:12:48,FALSE,NA,"1451582318175563780",NA,"<a href=""https://mobile.twitter.com"" rel=""nofollow"">Twitter Web App</a>","TheOceanTree",9,TRUE,FALSE,NA,NA
"131","RT @MarshDispatch: Will black #mangroves (Avicennia germinans) in Texas recover from Winter Storm Uri, and what are the implications for co‚Ä¶",FALSE,0,NA,2021-10-22 16:10:38,FALSE,NA,"1451581774887362588",NA,"<a href=""https://mobile.twitter.com"" rel=""nofollow"">Twitter Web App</a>","cherylldoughty",9,TRUE,FALSE,NA,NA
"132","RT @MangrovesNow: Less than a week until our session at the Coastal Wetlands Twitter Conference. 

Tune in and chat with us about the benef‚Ä¶",FALSE,0,NA,2021-10-22 13:24:29,FALSE,NA,"1451539962264965132",NA,"<a href=""http://twitter.com/download/android"" rel=""nofollow"">Twitter for Android</a>","LilianNyaega",5,TRUE,FALSE,NA,NA
"133","RT @MarshDispatch: Will black #mangroves (Avicennia germinans) in Texas recover from Winter Storm Uri, and what are the implications for co‚Ä¶",FALSE,0,NA,2021-10-22 13:22:36,FALSE,NA,"1451539485192179712",NA,"<a href=""https://mobile.twitter.com"" rel=""nofollow"">Twitter Web App</a>","jorgealpg",9,TRUE,FALSE,NA,NA
"134","Will black #mangroves (Avicennia germinans) in Texas recover from Winter Storm Uri, and what are the implications f‚Ä¶ https://t.co/0wRHnPEQkE",FALSE,31,NA,2021-10-22 13:18:52,TRUE,NA,"1451538547664695298",NA,"<a href=""https://mobile.twitter.com"" rel=""nofollow"">Twitter Web App</a>","MarshDispatch",9,FALSE,FALSE,NA,NA
"135","Less than a week until our session at the Coastal Wetlands Twitter Conference. 

Tune in and chat with us about the‚Ä¶ https://t.co/BvJrZ44QOw",FALSE,16,NA,2021-10-22 11:41:21,TRUE,NA,"1451514005047156736",NA,"<a href=""https://mobile.twitter.com"" rel=""nofollow"">Twitter Web App</a>","MangrovesNow",5,FALSE,FALSE,NA,NA
"136","RT @globalwetlands: Next week join @jdunic presenting in Session 2 of #CWTC21 Coastal Wetlands Twitter Conference about declines &amp; recovery‚Ä¶",FALSE,0,NA,2021-10-22 08:50:48,FALSE,NA,"1451471085933940754",NA,"<a href=""http://twitter.com/download/android"" rel=""nofollow"">Twitter for Android</a>","MangroveTracker",3,TRUE,FALSE,NA,NA
"137","RT @Bats_Mas: The next week I will present my study about the role of #wetlands  for #hibernatingü¶áon the first Coastal Wetlands Twitter Con‚Ä¶",FALSE,0,NA,2021-10-22 08:40:59,FALSE,NA,"1451468616436797443",NA,"<a href=""https://mobile.twitter.com"" rel=""nofollow"">Twitter Web App</a>","WetlandLink",8,TRUE,FALSE,NA,NA
"138","RT @turschwell: Super excited for the inaugural Coastal Wetlands Twitter Conference! #CWTC21 kicking off next week! https://t.co/wfXan8tZGg",FALSE,0,NA,2021-10-22 08:31:39,FALSE,NA,"1451466267563487234",NA,"<a href=""http://twitter.com/download/android"" rel=""nofollow"">Twitter for Android</a>","globalwetlands",2,TRUE,FALSE,NA,NA
"139","I'm excited to be presenting some of my Masters research next week at the Coastal Wetlands Twitter Conference hoste‚Ä¶ https://t.co/hbrJbKrmJn",FALSE,21,NA,2021-10-22 06:49:48,TRUE,NA,"1451440635534213120",NA,"<a href=""https://mobile.twitter.com"" rel=""nofollow"">Twitter Web App</a>","ArianaMags",3,FALSE,FALSE,NA,NA
"140","RT @japhybradley: I can't wait to watch the great line-up of global 'talks' in the first ever coastal wetlands twitter conference #CWTC21‚Ä¶",FALSE,0,NA,2021-10-22 06:26:26,FALSE,NA,"1451434755044618252",NA,"<a href=""http://twitter.com/download/android"" rel=""nofollow"">Twitter for Android</a>","ResearchLina",2,TRUE,FALSE,NA,NA
"141","RT @japhybradley: I can't wait to watch the great line-up of global 'talks' in the first ever coastal wetlands twitter conference #CWTC21‚Ä¶",FALSE,0,NA,2021-10-22 04:24:34,FALSE,NA,"1451404087887466496",NA,"<a href=""http://twitter.com/download/android"" rel=""nofollow"">Twitter for Android</a>","globalwetlands",2,TRUE,FALSE,NA,NA
"142","RT @globalwetlands: One week to go until the FREE Coastal Wetlands Twitter Conference starts! Over 40 presenters from around the world - ch‚Ä¶",FALSE,0,NA,2021-10-22 03:17:53,FALSE,NA,"1451387304329633795",NA,"<a href=""https://mobile.twitter.com"" rel=""nofollow"">Twitter Web App</a>","sophkaterussell",15,TRUE,FALSE,NA,NA
"143","I can't wait to watch the great line-up of global 'talks' in the first ever coastal wetlands twitter conference‚Ä¶ https://t.co/HGS58Madqq",FALSE,10,NA,2021-10-22 00:18:58,TRUE,NA,"1451342278098776064",NA,"<a href=""https://mobile.twitter.com"" rel=""nofollow"">Twitter Web App</a>","japhybradley",2,FALSE,FALSE,NA,NA
"144","Super excited for the inaugural Coastal Wetlands Twitter Conference! #CWTC21 kicking off next week! https://t.co/wfXan8tZGg",FALSE,19,NA,2021-10-21 23:21:08,FALSE,NA,"1451327724216221698",NA,"<a href=""https://mobile.twitter.com"" rel=""nofollow"">Twitter Web App</a>","turschwell",2,FALSE,FALSE,NA,NA
"145","Excited to see the first Coastal Wetlands Twitter Conference! #CWTC21. 

 Looking forward to seeing some of the new‚Ä¶ https://t.co/0I5b4JULWk",FALSE,0,NA,2021-10-21 23:00:01,TRUE,NA,"1451322410700005386",NA,"<a href=""https://mobile.twitter.com"" rel=""nofollow"">Twitter Web App</a>","seabassphd",0,FALSE,FALSE,NA,NA
"146","RT @globalwetlands: Next week join @jdunic presenting in Session 2 of #CWTC21 Coastal Wetlands Twitter Conference about declines &amp; recovery‚Ä¶",FALSE,0,NA,2021-10-21 20:59:42,FALSE,NA,"1451292132291997709",NA,"<a href=""http://twitter.com/#!/download/ipad"" rel=""nofollow"">Twitter for iPad</a>","GeorgeTakacs",3,TRUE,FALSE,NA,NA
"147","RT @globalwetlands: Next week join @jdunic presenting in Session 2 of #CWTC21 Coastal Wetlands Twitter Conference about declines &amp; recovery‚Ä¶",FALSE,0,NA,2021-10-21 20:49:36,FALSE,NA,"1451289590988369924",NA,"<a href=""http://twitter.com/download/iphone"" rel=""nofollow"">Twitter for iPhone</a>","KerryleeRogers_",3,TRUE,FALSE,NA,NA
"148","Next week join @jdunic presenting in Session 2 of #CWTC21 Coastal Wetlands Twitter Conference about declines &amp; reco‚Ä¶ https://t.co/8ZJCBPFd2c",FALSE,9,NA,2021-10-21 20:30:00,TRUE,NA,"1451284658075824136",NA,"<a href=""https://mobile.twitter.com"" rel=""nofollow"">Twitter Web App</a>","globalwetlands",3,FALSE,FALSE,NA,NA
"149","RT @Bats_Mas: The next week I will present my study about the role of #wetlands  for #hibernatingü¶áon the first Coastal Wetlands Twitter Con‚Ä¶",FALSE,0,NA,2021-10-21 16:00:12,FALSE,NA,"1451216761685258245",NA,"<a href=""https://mobile.twitter.com"" rel=""nofollow"">Twitter Web App</a>","TomasVCphoto",8,TRUE,FALSE,NA,NA
"150","RT @ResearchLina: I'm looking forward to this Global wetlands conference. The #CWTC21 conference will be held completely on Twitter ‚Äì if yo‚Ä¶",FALSE,0,NA,2021-10-21 11:32:33,FALSE,NA,"1451149403423576084",NA,"<a href=""http://twitter.com/download/android"" rel=""nofollow"">Twitter for Android</a>","globalwetlands",1,TRUE,FALSE,NA,NA
"151","RT @Bats_Mas: The next week I will present my study about the role of #wetlands  for #hibernatingü¶áon the first Coastal Wetlands Twitter Con‚Ä¶",FALSE,0,NA,2021-10-21 11:24:00,FALSE,NA,"1451147250436956165",NA,"<a href=""https://mobile.twitter.com"" rel=""nofollow"">Twitter Web App</a>","narngaloo",8,TRUE,FALSE,NA,NA
"152","RT @Bats_Mas: The next week I will present my study about the role of #wetlands  for #hibernatingü¶áon the first Coastal Wetlands Twitter Con‚Ä¶",FALSE,0,NA,2021-10-21 11:00:30,FALSE,NA,"1451141336292278272",NA,"<a href=""http://twitter.com/download/iphone"" rel=""nofollow"">Twitter for iPhone</a>","CmMontauban",8,TRUE,FALSE,NA,NA
"153","RT @Bats_Mas: The next week I will present my study about the role of #wetlands  for #hibernatingü¶áon the first Coastal Wetlands Twitter Con‚Ä¶",FALSE,0,NA,2021-10-21 10:33:01,FALSE,NA,"1451134421759897601",NA,"<a href=""https://missionimproxyble.com"" rel=""nofollow"">My1stNewApp</a>","JFSebastian146",8,TRUE,FALSE,NA,NA
"154","RT @Bats_Mas: The next week I will present my study about the role of #wetlands  for #hibernatingü¶áon the first Coastal Wetlands Twitter Con‚Ä¶",FALSE,0,NA,2021-10-21 10:31:12,FALSE,NA,"1451133964350017539",NA,"<a href=""http://twitter.com/download/iphone"" rel=""nofollow"">Twitter for iPhone</a>","GiveBatsABreak",8,TRUE,FALSE,NA,NA
"155","RT @Bats_Mas: The next week I will present my study about the role of #wetlands  for #hibernatingü¶áon the first Coastal Wetlands Twitter Con‚Ä¶",FALSE,0,NA,2021-10-21 10:29:41,FALSE,NA,"1451133583465201669",NA,"<a href=""http://twitter.com/download/android"" rel=""nofollow"">Twitter for Android</a>","globalwetlands",8,TRUE,FALSE,NA,NA
"156","The next week I will present my study about the role of #wetlands  for #hibernatingü¶áon the first Coastal Wetlands T‚Ä¶ https://t.co/kPEOk09x7m",FALSE,27,NA,2021-10-21 10:14:43,TRUE,NA,"1451129816674091009",NA,"<a href=""https://mobile.twitter.com"" rel=""nofollow"">Twitter Web App</a>","Bats_Mas",8,FALSE,FALSE,NA,NA
"157","RT @anaifsousa: Coastal Wetlands Twitter Conference, hosted by @globalwetlands is coming!
üëâI‚Äôll talk about #seagrass #restoration fostered‚Ä¶",FALSE,0,NA,2021-10-21 07:52:08,FALSE,NA,"1451093934394855430",NA,"<a href=""http://twitter.com/download/android"" rel=""nofollow"">Twitter for Android</a>","globalwetlands",10,TRUE,FALSE,NA,NA
"158","RT @Mozziebites: Next week! Join the @globalwetlands 'Coastal Wetlands Twitter Conference' #CWTC21 26 &amp; 27 October 2021 https://t.co/8RZkeG‚Ä¶",FALSE,0,NA,2021-10-21 01:29:50,FALSE,NA,"1450997724799647747",NA,"<a href=""http://twitter.com/download/android"" rel=""nofollow"">Twitter for Android</a>","globalwetlands",4,TRUE,FALSE,NA,NA
"159","RT @bluecology: Looking forwards to presenting at #CWTC21
@globalwetlands https://t.co/Otf6z9f85X",FALSE,0,NA,2021-10-20 20:47:24,FALSE,NA,"1450926648371593219",NA,"<a href=""http://twitter.com/#!/download/ipad"" rel=""nofollow"">Twitter for iPad</a>","Gilbertocintro4",6,TRUE,FALSE,NA,NA
"160","RT @MangrovesNow: Excited to be part of the #CWTC21!

üåäStay tuned for more information on our session taking place on October 27.üå±

Find ou‚Ä¶",FALSE,0,NA,2021-10-20 19:29:13,FALSE,NA,"1450906970907574277",NA,"<a href=""http://twitter.com/download/android"" rel=""nofollow"">Twitter for Android</a>","globalwetlands",1,TRUE,FALSE,NA,NA
"161","Hassan Ali conceded 19 in last over #CWTC21 üòÅüòÅüòÅ",FALSE,2,NA,2021-10-20 17:41:30,FALSE,NA,"1450879863586373640",NA,"<a href=""http://twitter.com/download/android"" rel=""nofollow"">Twitter for Android</a>","RHTviews",0,FALSE,FALSE,NA,NA
"162","Premium IPL bowler against our troll material üòÇüî•

#W23 #IPL #CWTC21 https://t.co/6UT8oeRLcV",FALSE,2,NA,2021-10-20 15:55:44,FALSE,NA,"1450853248105992192",NA,"<a href=""http://twitter.com/download/iphone"" rel=""nofollow"">Twitter for iPhone</a>","pirzadobk",0,FALSE,FALSE,NA,NA
"163","RT @SieversSci: Not long until the first Coastal Wetlands Twitter Conference kicks off! Be sure to log on to hear and read about some aweso‚Ä¶",FALSE,0,NA,2021-10-20 12:39:15,FALSE,NA,"1450803800298582023",NA,"<a href=""http://twitter.com/download/iphone"" rel=""nofollow"">Twitter for iPhone</a>","SustainableFred",8,TRUE,FALSE,NA,NA
"164","David weise hitting 96 meter sixes
#NAMvNED #CWTC21",FALSE,2,NA,2021-10-20 12:39:03,FALSE,NA,"1450803751577694208",NA,"<a href=""http://twitter.com/download/android"" rel=""nofollow"">Twitter for Android</a>","RHTviews",0,FALSE,FALSE,NA,NA
"165","RT @globalwetlands: Join @globalwetlands this time next week for the FREE Coastal Wetlands Twitter Conference #CWTC21! 

The second of 3 se‚Ä¶",FALSE,0,NA,2021-10-20 12:38:03,FALSE,NA,"1450803499445338113",NA,"<a href=""http://twitter.com/download/iphone"" rel=""nofollow"">Twitter for iPhone</a>","TwomeyAlice",6,TRUE,FALSE,NA,NA
"166","RT @Anweghosh: Looking forward to #CWTC21
questions and comments are very welcome. https://t.co/dTBUWy3Pqi",FALSE,0,NA,2021-10-20 10:57:14,FALSE,NA,"1450778129316794370",NA,"<a href=""http://twitter.com/download/android"" rel=""nofollow"">Twitter for Android</a>","globalwetlands",3,TRUE,FALSE,NA,NA
"167","RT @jamesthetyke: Coming soon...#CWTC21 #WetlandsCan https://t.co/PDP6FpkcPG",FALSE,0,NA,2021-10-20 10:17:08,FALSE,NA,"1450768038261936133",NA,"<a href=""http://twitter.com/download/android"" rel=""nofollow"">Twitter for Android</a>","WildlifePete",8,TRUE,FALSE,NA,NA
"168","When do we be concerned about David Warner? #CWTC21",FALSE,0,NA,2021-10-20 10:08:40,FALSE,NA,"1450765903625285638",NA,"<a href=""http://twitter.com/download/iphone"" rel=""nofollow"">Twitter for iPhone</a>","morts23",0,FALSE,FALSE,NA,NA
"169","RT @Mozziebites: Next week! Join the @globalwetlands 'Coastal Wetlands Twitter Conference' #CWTC21 26 &amp; 27 October 2021 https://t.co/8RZkeG‚Ä¶",FALSE,0,NA,2021-10-20 10:00:13,FALSE,NA,"1450763779050856449",NA,"<a href=""http://twitter.com/download/iphone"" rel=""nofollow"">Twitter for iPhone</a>","PetrovicFabijan",4,TRUE,FALSE,NA,NA
"170","Excited to be part of the #CWTC21!

üåäStay tuned for more information on our session taking place on October 27.üå±

F‚Ä¶ https://t.co/mrXhqmJOTf",FALSE,4,NA,2021-10-20 09:50:47,TRUE,NA,"1450761406765228035",NA,"<a href=""https://mobile.twitter.com"" rel=""nofollow"">Twitter Web App</a>","MangrovesNow",1,FALSE,FALSE,NA,NA
"171","RT @globalwetlands: Join @globalwetlands this time next week for the FREE Coastal Wetlands Twitter Conference #CWTC21! 

The second of 3 se‚Ä¶",FALSE,0,NA,2021-10-20 09:32:56,FALSE,NA,"1450756912534855681",NA,"<a href=""http://twitter.com/download/iphone"" rel=""nofollow"">Twitter for iPhone</a>","AlanaMGrech",6,TRUE,FALSE,NA,NA
"172","RT @globalwetlands: One week to go until the FREE Coastal Wetlands Twitter Conference starts! Over 40 presenters from around the world - ch‚Ä¶",FALSE,0,NA,2021-10-20 09:27:07,FALSE,NA,"1450755449389608960",NA,"<a href=""https://mobile.twitter.com"" rel=""nofollow"">Twitter Web App</a>","AlyssaGiffin",15,TRUE,FALSE,NA,NA
"173","RT @bluecology: Looking forwards to presenting at #CWTC21
@globalwetlands https://t.co/Otf6z9f85X",FALSE,0,NA,2021-10-20 09:26:58,FALSE,NA,"1450755411057917960",NA,"<a href=""https://mobile.twitter.com"" rel=""nofollow"">Twitter Web App</a>","AlyssaGiffin",6,TRUE,FALSE,NA,NA
"174","RT @Mozziebites: Next week! Join the @globalwetlands 'Coastal Wetlands Twitter Conference' #CWTC21 26 &amp; 27 October 2021 https://t.co/8RZkeG‚Ä¶",FALSE,0,NA,2021-10-20 09:17:39,FALSE,NA,"1450753066169368581",NA,"<a href=""https://mobile.twitter.com"" rel=""nofollow"">Twitter Web App</a>","terry_legg",4,TRUE,FALSE,NA,NA
"175","RT @Mozziebites: Next week! Join the @globalwetlands 'Coastal Wetlands Twitter Conference' #CWTC21 26 &amp; 27 October 2021 https://t.co/8RZkeG‚Ä¶",FALSE,0,NA,2021-10-20 09:14:32,FALSE,NA,"1450752280597196800",NA,"<a href=""https://mobile.twitter.com"" rel=""nofollow"">Twitter Web App</a>","FionaLakeAus",4,TRUE,FALSE,NA,NA
"176","Next week! Join the @globalwetlands 'Coastal Wetlands Twitter Conference' #CWTC21 26 &amp; 27 October 2021‚Ä¶ https://t.co/500SFPWpBE",FALSE,7,NA,2021-10-20 09:13:58,TRUE,NA,"1450752139387543553",NA,"<a href=""https://mobile.twitter.com"" rel=""nofollow"">Twitter Web App</a>","Mozziebites",4,FALSE,FALSE,NA,NA
"177","RT @AlyssaGiffin: Learn about #marine and #coastal #ecosystem-based #adaptation at #CWTC21, on my profile page on Oct. 26th at the live Twi‚Ä¶",FALSE,0,NA,2021-10-20 09:13:52,FALSE,NA,"1450752112938209286",NA,"<a href=""http://twitter.com/download/iphone"" rel=""nofollow"">Twitter for iPhone</a>","KerryleeRogers_",4,TRUE,FALSE,NA,NA
"178","RT @Anweghosh: Looking forward to #CWTC21
questions and comments are very welcome. https://t.co/dTBUWy3Pqi",FALSE,0,NA,2021-10-20 09:13:39,FALSE,NA,"1450752059683205120",NA,"<a href=""http://twitter.com/download/iphone"" rel=""nofollow"">Twitter for iPhone</a>","KerryleeRogers_",3,TRUE,FALSE,NA,NA
"179","RT @SieversSci: Not long until the first Coastal Wetlands Twitter Conference kicks off! Be sure to log on to hear and read about some aweso‚Ä¶",FALSE,0,NA,2021-10-20 09:13:23,FALSE,NA,"1450751992582721544",NA,"<a href=""http://twitter.com/download/iphone"" rel=""nofollow"">Twitter for iPhone</a>","KerryleeRogers_",8,TRUE,FALSE,NA,NA
"180","RT @ClaytonHale3: Very excited to be presenting my work on Atlantic white-cedar via Twitter! This is going to be a fun conference. #CWTC21‚Ä¶",FALSE,0,NA,2021-10-20 09:13:17,FALSE,NA,"1450751966074703877",NA,"<a href=""http://twitter.com/download/iphone"" rel=""nofollow"">Twitter for iPhone</a>","KerryleeRogers_",2,TRUE,FALSE,NA,NA
"181","RT @globalwetlands: One week to go until the FREE Coastal Wetlands Twitter Conference starts! Over 40 presenters from around the world - ch‚Ä¶",FALSE,0,NA,2021-10-20 09:13:13,FALSE,NA,"1450751950585163777",NA,"<a href=""http://twitter.com/download/iphone"" rel=""nofollow"">Twitter for iPhone</a>","KerryleeRogers_",15,TRUE,FALSE,NA,NA
"182","RT @globalwetlands: üì£Introducing our final keynote speaker for the Coastal Wetlands Twitter Conference @ResearchLina 
#CWTC21 is happening‚Ä¶",FALSE,0,NA,2021-10-20 09:13:08,FALSE,NA,"1450751931488505859",NA,"<a href=""http://twitter.com/download/iphone"" rel=""nofollow"">Twitter for iPhone</a>","KerryleeRogers_",9,TRUE,FALSE,NA,NA
"183","RT @globalwetlands: We're looking forward to releasing the #CWTC21 program next week! In the meanwhile, check out our keynote speakers:
üì£@K‚Ä¶",FALSE,0,NA,2021-10-20 09:13:01,FALSE,NA,"1450751900840726529",NA,"<a href=""http://twitter.com/download/iphone"" rel=""nofollow"">Twitter for iPhone</a>","KerryleeRogers_",7,TRUE,FALSE,NA,NA
"184","RT @bluecology: Looking forwards to presenting at #CWTC21
@globalwetlands https://t.co/Otf6z9f85X",FALSE,0,NA,2021-10-20 09:12:42,FALSE,NA,"1450751821748736000",NA,"<a href=""http://twitter.com/download/iphone"" rel=""nofollow"">Twitter for iPhone</a>","KerryleeRogers_",6,TRUE,FALSE,NA,NA
"185","RT @jamesthetyke: Coming soon...#CWTC21 #WetlandsCan https://t.co/PDP6FpkcPG",FALSE,0,NA,2021-10-20 09:12:35,FALSE,NA,"1450751792606683140",NA,"<a href=""http://twitter.com/download/iphone"" rel=""nofollow"">Twitter for iPhone</a>","KerryleeRogers_",8,TRUE,FALSE,NA,NA
"186","RT @globalwetlands: Join @globalwetlands this time next week for the FREE Coastal Wetlands Twitter Conference #CWTC21! 

The second of 3 se‚Ä¶",FALSE,0,NA,2021-10-20 09:12:25,FALSE,NA,"1450751747899543554",NA,"<a href=""http://twitter.com/download/iphone"" rel=""nofollow"">Twitter for iPhone</a>","KerryleeRogers_",6,TRUE,FALSE,NA,NA
"187","RT @jamesthetyke: Coming soon...#CWTC21 #WetlandsCan https://t.co/PDP6FpkcPG",FALSE,0,NA,2021-10-20 08:42:34,FALSE,NA,"1450744238950555651",NA,"<a href=""http://twitter.com/download/android"" rel=""nofollow"">Twitter for Android</a>","numenini",8,TRUE,FALSE,NA,NA
"188","One of the interesting topics in #CWTC21. Looking forward to participating in the conference organized by‚Ä¶ https://t.co/UdmuW09I2E",FALSE,0,NA,2021-10-20 08:32:09,TRUE,NA,"1450741614859542529",NA,"<a href=""https://mobile.twitter.com"" rel=""nofollow"">Twitter Web App</a>","SantruptaSaman1",0,FALSE,FALSE,NA,NA
"189","RT @jamesthetyke: Coming soon...#CWTC21 #WetlandsCan https://t.co/PDP6FpkcPG",FALSE,0,NA,2021-10-20 08:24:14,FALSE,NA,"1450739623706177539",NA,"<a href=""http://twitter.com/download/iphone"" rel=""nofollow"">Twitter for iPhone</a>","vikingoptical",8,TRUE,FALSE,NA,NA
"190","RT @jamesthetyke: Coming soon...#CWTC21 #WetlandsCan https://t.co/PDP6FpkcPG",FALSE,0,NA,2021-10-20 08:06:09,FALSE,NA,"1450735071602913280",NA,"<a href=""https://mobile.twitter.com"" rel=""nofollow"">Twitter Web App</a>","curlewcalls",8,TRUE,FALSE,NA,NA
"191","RT @jamesthetyke: Coming soon...#CWTC21 #WetlandsCan https://t.co/PDP6FpkcPG",FALSE,0,NA,2021-10-20 08:03:08,FALSE,NA,"1450734314073776128",NA,"<a href=""http://twitter.com/download/android"" rel=""nofollow"">Twitter for Android</a>","jamesthetyke",8,TRUE,FALSE,NA,NA
"192","RT @jamesthetyke: Coming soon...#CWTC21 #WetlandsCan https://t.co/PDP6FpkcPG",FALSE,0,NA,2021-10-20 07:13:22,FALSE,NA,"1450721789991178248",NA,"<a href=""http://twitter.com/download/android"" rel=""nofollow"">Twitter for Android</a>","globalwetlands",8,TRUE,FALSE,NA,NA
"193","RT @globalwetlands: Join @globalwetlands this time next week for the FREE Coastal Wetlands Twitter Conference #CWTC21! 

The second of 3 se‚Ä¶",FALSE,0,NA,2021-10-20 05:13:40,FALSE,NA,"1450691665551757313",NA,"<a href=""http://twitter.com/download/iphone"" rel=""nofollow"">Twitter for iPhone</a>","Alice_R_Jones",6,TRUE,FALSE,NA,NA
"194","RT @globalwetlands: #CWTC21 has 3 sessions to cater for different time zonesüåéüåçüåè

See the conference program at:
https://t.co/SlpTw32DsD

Ou‚Ä¶",FALSE,0,NA,2021-10-20 03:19:17,FALSE,NA,"1450662882467717127",NA,"<a href=""http://twitter.com/download/android"" rel=""nofollow"">Twitter for Android</a>","amritkumarmishr",9,TRUE,FALSE,NA,NA
"195","RT @globalwetlands: Join @globalwetlands this time next week for the FREE Coastal Wetlands Twitter Conference #CWTC21! 

The second of 3 se‚Ä¶",FALSE,0,NA,2021-10-19 22:33:00,FALSE,NA,"1450590836782026763",NA,"<a href=""http://twitter.com/download/android"" rel=""nofollow"">Twitter for Android</a>","charles_cadier",6,TRUE,FALSE,NA,NA
"196","Join @globalwetlands this time next week for the FREE Coastal Wetlands Twitter Conference #CWTC21! 

The second of‚Ä¶ https://t.co/3Et9NIEa5p",FALSE,13,NA,2021-10-19 20:00:02,TRUE,NA,"1450552338603814924",NA,"<a href=""https://mobile.twitter.com"" rel=""nofollow"">Twitter Web App</a>","globalwetlands",6,FALSE,FALSE,NA,NA
"197","RT @globalwetlands: One week to go until the FREE Coastal Wetlands Twitter Conference starts! Over 40 presenters from around the world - ch‚Ä¶",FALSE,0,NA,2021-10-19 10:09:18,FALSE,NA,"1450403677374615553",NA,"<a href=""http://twitter.com/download/android"" rel=""nofollow"">Twitter for Android</a>","bluecology",15,TRUE,FALSE,NA,NA
"198","RT @globalwetlands: One week to go until the FREE Coastal Wetlands Twitter Conference starts! Over 40 presenters from around the world - ch‚Ä¶",FALSE,0,NA,2021-10-19 08:28:16,FALSE,NA,"1450378252212531200",NA,"<a href=""http://twitter.com/download/iphone"" rel=""nofollow"">Twitter for iPhone</a>","Mozziebites",15,TRUE,FALSE,NA,NA
"199","RT @bluecology: Looking forwards to presenting at #CWTC21
@globalwetlands https://t.co/Otf6z9f85X",FALSE,0,NA,2021-10-19 08:16:27,FALSE,NA,"1450375278698500096",NA,"<a href=""http://twitter.com/download/android"" rel=""nofollow"">Twitter for Android</a>","globalwetlands",6,TRUE,FALSE,NA,NA
"200","One week to go until the FREE Coastal Wetlands Twitter Conference starts! Over 40 presenters from around the world‚Ä¶ https://t.co/NUAyZ7zz7N",FALSE,15,NA,2021-10-19 08:00:01,TRUE,NA,"1450371142468837383",NA,"<a href=""https://mobile.twitter.com"" rel=""nofollow"">Twitter Web App</a>","globalwetlands",15,FALSE,FALSE,NA,NA
"201","RT @globalwetlands: #CWTC21 has 3 sessions to cater for different time zonesüåéüåçüåè

See the conference program at:
https://t.co/SlpTw32DsD

Ou‚Ä¶",FALSE,0,NA,2021-10-19 07:18:13,FALSE,NA,"1450360621715771398",NA,"<a href=""https://mobile.twitter.com"" rel=""nofollow"">Twitter Web App</a>","GriffithARI",9,TRUE,FALSE,NA,NA
"202","RT @sophkaterussell: Excited to present some of my research into what's driving the variability in soil carbon stocks for the Coastal Wetla‚Ä¶",FALSE,0,NA,2021-10-19 03:50:11,FALSE,NA,"1450308270975979523",NA,"<a href=""http://twitter.com/download/iphone"" rel=""nofollow"">Twitter for iPhone</a>","KerryleeRogers_",7,TRUE,FALSE,NA,NA
"203","RT @sophkaterussell: Excited to present some of my research into what's driving the variability in soil carbon stocks for the Coastal Wetla‚Ä¶",FALSE,0,NA,2021-10-19 01:37:37,FALSE,NA,"1450274907091210245",NA,"<a href=""http://twitter.com/download/android"" rel=""nofollow"">Twitter for Android</a>","haaalimmm",7,TRUE,FALSE,NA,NA
"204","RT @sophkaterussell: Excited to present some of my research into what's driving the variability in soil carbon stocks for the Coastal Wetla‚Ä¶",FALSE,0,NA,2021-10-19 01:23:56,FALSE,NA,"1450271463886376966",NA,"<a href=""https://mobile.twitter.com"" rel=""nofollow"">Twitter Web App</a>","globalwetlands",7,TRUE,FALSE,NA,NA
"205","RT @bluecology: Looking forwards to presenting at #CWTC21
@globalwetlands https://t.co/Otf6z9f85X",FALSE,0,NA,2021-10-19 00:22:45,FALSE,NA,"1450256065610747904",NA,"<a href=""http://twitter.com/download/iphone"" rel=""nofollow"">Twitter for iPhone</a>","CoastalCarbonSA",6,TRUE,FALSE,NA,NA
"206","RT @globalwetlands: #CWTC21 has 3 sessions to cater for different time zonesüåéüåçüåè

See the conference program at:
https://t.co/SlpTw32DsD

Ou‚Ä¶",FALSE,0,NA,2021-10-18 21:51:00,FALSE,NA,"1450217877731102720",NA,"<a href=""http://twitter.com/download/iphone"" rel=""nofollow"">Twitter for iPhone</a>","SieversSci",9,TRUE,FALSE,NA,NA
"207","RT @ClaytonHale3: Very excited to be presenting my work on Atlantic white-cedar via Twitter! This is going to be a fun conference. #CWTC21‚Ä¶",FALSE,0,NA,2021-10-18 21:40:38,FALSE,NA,"1450215267854811137",NA,"<a href=""http://twitter.com/download/android"" rel=""nofollow"">Twitter for Android</a>","globalwetlands",2,TRUE,FALSE,NA,NA
"208","RT @globalwetlands: #CWTC21 has 3 sessions to cater for different time zonesüåéüåçüåè

See the conference program at:
https://t.co/SlpTw32DsD

Ou‚Ä¶",FALSE,0,NA,2021-10-18 18:33:59,FALSE,NA,"1450168295878021122",NA,"<a href=""http://twitter.com/#!/download/ipad"" rel=""nofollow"">Twitter for iPad</a>","offset_venezia",9,TRUE,FALSE,NA,NA
"209","RT @globalwetlands: #CWTC21 has 3 sessions to cater for different time zonesüåéüåçüåè

See the conference program at:
https://t.co/SlpTw32DsD

Ou‚Ä¶",FALSE,0,NA,2021-10-18 12:27:31,FALSE,NA,"1450076073698500611",NA,"<a href=""http://twitter.com/download/iphone"" rel=""nofollow"">Twitter for iPhone</a>","BRobertsLab",9,TRUE,FALSE,NA,NA
"210","RT @globalwetlands: #CWTC21 has 3 sessions to cater for different time zonesüåéüåçüåè

See the conference program at:
https://t.co/SlpTw32DsD

Ou‚Ä¶",FALSE,0,NA,2021-10-18 12:05:37,FALSE,NA,"1450070559992291335",NA,"<a href=""http://twitter.com/download/android"" rel=""nofollow"">Twitter for Android</a>","TrophicTopics",9,TRUE,FALSE,NA,NA
"211","RT @bluecology: Looking forwards to presenting at #CWTC21
@globalwetlands https://t.co/Otf6z9f85X",FALSE,0,NA,2021-10-18 11:05:21,FALSE,NA,"1450055393690849284",NA,"<a href=""http://twitter.com/download/iphone"" rel=""nofollow"">Twitter for iPhone</a>","Alice_R_Jones",6,TRUE,FALSE,NA,NA
"212","Looking forwards to presenting at #CWTC21
@globalwetlands https://t.co/Otf6z9f85X",FALSE,30,NA,2021-10-18 09:57:27,FALSE,NA,"1450038306087997441",NA,"<a href=""https://mobile.twitter.com"" rel=""nofollow"">Twitter Web App</a>","bluecology",6,FALSE,FALSE,NA,NA
"213","RT @globalwetlands: #CWTC21 has 3 sessions to cater for different time zonesüåéüåçüåè

See the conference program at:
https://t.co/SlpTw32DsD

Ou‚Ä¶",FALSE,0,NA,2021-10-18 02:16:03,FALSE,NA,"1449922191705968640",NA,"<a href=""http://twitter.com/download/android"" rel=""nofollow"">Twitter for Android</a>","MarshDispatch",9,TRUE,FALSE,NA,NA
"214","RT @globalwetlands: #CWTC21 has 3 sessions to cater for different time zonesüåéüåçüåè

See the conference program at:
https://t.co/SlpTw32DsD

Ou‚Ä¶",FALSE,0,NA,2021-10-18 01:29:02,FALSE,NA,"1449910361155465216",NA,"<a href=""http://twitter.com/download/iphone"" rel=""nofollow"">Twitter for iPhone</a>","CoastalCarbonSA",9,TRUE,FALSE,NA,NA
"215","#CWTC21 has 3 sessions to cater for different time zonesüåéüåçüåè

See the conference program at:
https://t.co/SlpTw32DsD‚Ä¶ https://t.co/a7nSZ13heI",FALSE,15,NA,2021-10-17 20:30:00,TRUE,NA,"1449835105539788803",NA,"<a href=""https://mobile.twitter.com"" rel=""nofollow"">Twitter Web App</a>","globalwetlands",9,FALSE,FALSE,NA,NA
"216","RT @sophkaterussell: Excited to present some of my research into what's driving the variability in soil carbon stocks for the Coastal Wetla‚Ä¶",FALSE,0,NA,2021-10-17 04:38:03,FALSE,NA,"1449595540551856138",NA,"<a href=""http://twitter.com/download/iphone"" rel=""nofollow"">Twitter for iPhone</a>","CoastalCarbonSA",7,TRUE,FALSE,NA,NA
"217","RT @jackson_stock: Come and see my research on cumulative impact assessment methods in tweet form at the Coastal Wetlands Twitter Conferenc‚Ä¶",FALSE,0,NA,2021-10-17 04:37:57,FALSE,NA,"1449595515646005250",NA,"<a href=""http://twitter.com/download/iphone"" rel=""nofollow"">Twitter for iPhone</a>","CoastalCarbonSA",8,TRUE,FALSE,NA,NA
"218","RT @globalwetlands: üì£Introducing our final keynote speaker for the Coastal Wetlands Twitter Conference @ResearchLina 
#CWTC21 is happening‚Ä¶",FALSE,0,NA,2021-10-17 04:37:48,FALSE,NA,"1449595475842068483",NA,"<a href=""http://twitter.com/download/iphone"" rel=""nofollow"">Twitter for iPhone</a>","CoastalCarbonSA",9,TRUE,FALSE,NA,NA
